Job Title,Company Name,Job Location,Easy Apply,Job Link,Insight 1,Insight 2,Insight 3,Responsibilities,Qualifications,Benefits,Job Summary
Data Analyst (Freelance),N/A,N/A,Easy Apply,https://www.linkedin.com/jobs/view/4188120072/?eBP=CwEAAAGWFrRb3vwtNK570u7HerKHGrbYlxu-ZljaJ1vrl-p9lHALDDt-_nQHRTfl7LUPKyuSu5NZ16kv0vc8IovPwXZhTAmmlijCyLeNCITR7XP3AwE2r6DSTUj25FhxOkLjSfkhiXlm4l7J9fha5qnYZ4nujwhrnkfKBG2LbbquQwirLzO7yYrrklaJLuazO3Q4asegtzsyAYN-8lw1p-_sw5eExp4iRdgAaCqRUj-QX6luwl1bSsFBcxJfxnVSbgJNnXD48tdl01wb20vX5H1B_a-sqVOmOcHp5SkYBK36vBeGFbsyVwU2OZvfDZD-ZHLw8RBDIBxFw7Ad6_FFFcKoEsicTdBOI5ffc6WorPO3mNcFtwrd_bJmkl2PASiCR0cUrczAd8GRc056ihJVb0PBKdLmJtq5A8nduHdblgDHM_w2LTHsyl5wHzfOALa6HAbRWCWA_3pHeUgESgQURjHqrIeftzKy9zKVKr0dQ4o7ydv2D6iMxFCJTFW636Om3-d5DtvUmA&refId=GX29L4gGVZmxlgSOPY%2B1EQ%3D%3D&trackingId=MHlmcq5fzd9vfqu2xYRSoA%3D%3D&trk=flagship3_search_srp_jobs,Remote,Contract,Entry level,"Data Annotation & Labeling: Carefully review and categorize data points (e.g., text segments, images, audio) following detailed instructions.
Quality Assurance: Identify errors, inconsistencies, or inaccuracies in datasets and ensure that final outputs meet the required standards.
Compliance with Guidelines: Apply the project‚Äôs specific rules, labeling criteria, and stylistic requirements to maintain a high level of data integrity.
Efficient Task Execution: Complete assigned tasks promptly and consistently meet productivity and quality benchmarks.
Continuous Improvement: Adapt to updated guidelines, feedback, and new requirements, continuously enhancing the accuracy and relevance of your work.","Attention to Detail: Strong observational skills and the ability to adhere to strict data evaluation criteria.
Analytical Thinking: Capability to interpret guidelines, recognize patterns, and detect nuances in complex data.
Language Proficiency: Good command of English to understand instructions, communicate effectively, and handle language-based data tasks.
Technical Savvy: Comfortable working with online platforms, tools, or software systems used for data annotation and assessment.
Time Management: Ability to work independently, prioritize tasks, and meet deadlines in a flexible, freelance environment.","Flexible Work Environment: As a freelance Data Assessor, you have the freedom to work remotely and set your own schedule.
Skill Development: Enhance your analytical, linguistic, and technical skills by working on a wide variety of data projects.
Growth Opportunities: Potential for ongoing work as you demonstrate quality output, responsiveness to feedback, and adaptability to evolving project needs.","About the job
            
 

As a Data Analyst (Assessor), you will play a critical role in improving the quality and reliability of data used to train and refine AI models. You‚Äôll work as a freelance contributor, reviewing, annotating, and validating diverse datasets‚Äîsuch as text, images, and other types of content‚Äîaccording to predefined guidelines and quality standards.Key Responsibilities: Da"
BI & Reporting Specialist,N/A,N/A,Easy Apply,https://www.linkedin.com/jobs/view/4204227781/?eBP=BUDGET_EXHAUSTED_JOB&refId=GX29L4gGVZmxlgSOPY%2B1EQ%3D%3D&trackingId=rhCzUCA13QcijUS0runLaw%3D%3D&trk=flagship3_search_srp_jobs,On-site,Full-time,Mid-Senior level,"Support in conducting BI requirement gathering sessions with the clients and developing BI requirements document from business requirement meetings.
Define the BI Standards, reporting guidelines for the clients including socialization of the same in collaboration with Data Strategy and Governance team.
Design and develop reports using advanced reporting tool (e.g., Power BI).
Provide support to business in developing their own dashboards through self-service
Develop data extraction and output specifications for reports based on the requirement document.
Identify appropriate data sources, retrieve the data and ensures data integrity when pulling information into reports and dashboards.
Support in establishing proper design and code guidelines for the development of business intelligence reports.
Assist in developing report subscriptions and methods for report distribution based on agreed timelines and according to report specifications.
Assist in testing of advanced reports and dashboards.
Develop the visualizations of the use case outcomes as well as UX/UI design required, front-end development for advanced visualizations.","Bachelor's degree in Computer Science or related field.
4-7 years of experience in BI.
Testing experience in an agile environment is preferred.
Good knowledge of BI technologies and platforms (e.g., Power BI, Tableau, etc.)
ETL experience with multiple data sources.",N/A,"About the job
            
 

Role Summary:Protiviti Global Business Consulting is looking for a BI & Reporting Specialist who will be responsible for setting standards, developing, deploying, and maintaining BI reports and dashboards enabling our clients to derive insights and deliver on their mandate.Key Responsibilities  Support in conducting BI requirement gathering sessions with the clients a"
Senior Data Analyst,N/A,N/A,Easy Apply,https://www.linkedin.com/jobs/view/4186846661/?eBP=BUDGET_EXHAUSTED_JOB&refId=GX29L4gGVZmxlgSOPY%2B1EQ%3D%3D&trackingId=4o7zH0Nb9xg6Wu2KE4zuKQ%3D%3D&trk=flagship3_search_srp_jobs,On-site,Full-time,Mid-Senior level,"Develop and maintain data models, databases, and reporting systems to support data analysis and reporting needs
Create and maintain dashboards and reports to provide real-time insights to business stakeholders
Collaborate with the internal teams to understand their data needs and provide data-driven solutions
Play an important role in the data warehouse transition by creating dashboards and helping in the transition of information
Collaborate closely with the Data Engineer to ensure seamless data warehouse operations and transitions, including data integration, migration, and optimization
Conduct comprehensive data analysis using SQL and data visualization tools (Power BI) to uncover trends and insights
Analyze and interpret complex data sets to identify trends, patterns, and insights that can inform business decisions
Ensure data quality and integrity by implementing data validation and cleansing processes","Minimum 5 years' experience in data analysis, data modeling, or a similar role, preferably in or on behalf of an investment or financial company
Data Analysis certification. Bachelor's or higher in Data Science, Computer Science/Engineering, Information Systems, or a related field will be preferred but not necessary. Strong candidates may also have the Microsoft Data Analyst Certification
Excellent communication and collaboration abilities, with fluency in English
Expertise in dashboarding/reporting with PowerBI,, as well as programming/scripting languages including SQL, Python, or similar
Familiarity with emerging AI capabilities and how these could be applied to organizational processes and data for efficiencies and insights will be a plus
Exceptional analytical, problem-solving, and critical thinking skills",N/A,"About the job
            
 

A well-established Swiss-originated private equity and venture capital firm based in Geneva, with a diverse investment portfolio that includes secondaries, buyouts, and ventures. The firm boasts a global footprint and an extensive network across key markets, with offices in major financial centers such as Geneva, New York, London, and Cairo. The team comprises over 40"
Data Scientist,N/A,N/A,Easy Apply,https://www.linkedin.com/jobs/view/4128238250/?eBP=BUDGET_EXHAUSTED_JOB&refId=GX29L4gGVZmxlgSOPY%2B1EQ%3D%3D&trackingId=S21uxeJzitMIGiYdh3Qe0g%3D%3D&trk=flagship3_search_srp_jobs,On-site,Full-time,Mid-Senior level,"Ensure appropriate tracking is in place across all marketing activity
Research the Egyptian market and other markets including competitor analysis along with market trends
Defines and measures the effectiveness and performance of marketing programs and strategies in conjunction with Marketing
Identify, analyze, and interpret trends or patterns in complex data sets
Interpret data, analyze results using statistical techniques and provide ongoing reports
Convert complex data and findings into understandable tables, graphs, and written reports
Carry out qualitative and quantitative research and analysis
Analyze company data to discover past trends and identify correlations
Monitor and forecast marketing and sales trends
Develop solutions that bring critical insights to a wide range of different problems such as targeting customers and segmenting markets
Works to build a performance marketing engine across tracking, attribution, automation and optimization
Collaborate with agile squads to improve data infrastructure and contribute to a seamless research platform
Track KPIs and define measures for action","Bachelor's degree in data science, business, economic, mathematics, statistics, or equivalent
Minimum of 5-7 years of experience manipulating data sets and building statistical models
Experience using statistical computer languages (Python, SQL, etc.) to manipulate data and draw insights from large data sets
Experience working with and creating data architectures
Knowledge of a variety of machine learning techniques (clustering, decision tree learning, artificial neural networks, etc.) and their real-world advantages/drawbacks
Knowledge of advanced statistical techniques and concepts (regression, properties of distributions, statistical tests and proper usage, etc.) and experience with applications
Excellent written and verbal communication skills for coordinating across teams
Strong quantitative and analytical skills and aptitude, and an ability to work with significant amounts of data, both numerical and qualitative
Proven track record in a multi-disciplinary Digital/Tech environment
Understanding the evolving Digital/Tech marketplace and how those opportunities and changes fit within the banking environment
Driven to identify and implement continuous improvement
Awareness and understanding of agile methodologies and lean principles
Excellent written/verbal communication and presentation skills
Excellent Project Management skills",N/A,"About the job
            
 

Supports the marketing team in defining how digital performance is measured through conducting, analyzing and measuring performance of digital marketing campaigns by monitoring marketing and sales trends.Key Responsibilities & Accountabilities: Ensure appropriate tracking is in place across all marketing activityResearch the Egyptian market and other markets including"
Senior BI Analyst,N/A,N/A,Easy Apply,https://www.linkedin.com/jobs/view/4088686855/?eBP=BUDGET_EXHAUSTED_JOB&refId=GX29L4gGVZmxlgSOPY%2B1EQ%3D%3D&trackingId=BtFtOF4czK1WsAuXq69aCw%3D%3D&trk=flagship3_search_srp_jobs,Hybrid,Full-time,Mid-Senior level,N/A,"Lead the design, development, and optimization of advanced dashboards and reports using Power BI and Tableau
Develop and manage scalable, efficient data pipelines and ETL processes
Write and optimize complex PL/SQL queries to extract and manipulate large datasets
Collaborate with stakeholders to gather requirements, provide strategic recommendations, and ensure BI solutions align with business goals
Mentor junior BI developers and provide guidance on best practices for data visualization and analysis
Troubleshoot and resolve advanced issues in data models, reports, and visualization tools
Ensure the integrity, accuracy, and security of BI solutions and data systems",N/A,"About the job
            
 

Advansys is a dynamic solutions provider focused on delivering smart, modular, and sustainable technology solutions that enhance operations, improve customer experiences, and drive business modernization. With over 400 skilled engineers, we serve 100+ enterprise customers across 14 countries. Specialized in a wide array of premium services including Business Automatio"
Junior Data Scientist,N/A,N/A,Easy Apply,https://www.linkedin.com/jobs/view/4203240358/?eBP=BUDGET_EXHAUSTED_JOB&refId=GX29L4gGVZmxlgSOPY%2B1EQ%3D%3D&trackingId=ptz3lpg4C9mhuDWAbod89g%3D%3D&trk=flagship3_search_srp_jobs,On-site,Full-time,Entry level,¬∑ Work with stakeholders throughout the organization to leverage data and analytics in driving business growth and answering business question.,"¬∑ Bachelor's degree or equivalent in Computer Science , Computer Engineering or relevant fields.",N/A,"About the job
            
 

Key Responsibilities:¬∑ Work with stakeholders throughout the organization to leverage data and analytics in driving business growth and answering business question.¬∑ Liaise with data engineering , Product , and business stakeholders to asses the requirements and quality of current and new data sources.¬∑ Develop extensive descriptive and statistical analysis of various"
Data Analytics - Analyst,N/A,N/A,Easy Apply,https://www.linkedin.com/jobs/view/4177527237/?eBP=CwEAAAGWFrRb3sNkzeOmsFTCg1geX_URYv27lshNVRfGJqpShDMUY0k3vmNAH4eT9hCc2D1ETzXsMC7PuYZh21olVHH1Ky5rB08XavmydJ1iyKJwUPhKeRfeWRtVJcOnhdIe0t9YNuf43qS8FOQCju1T2hq3O58cN0awVkRB6puByN4Ssv3N3cMzqnH-HvYatZr501s3MUfwo0prSai1ns626ubeRrHT9LXNjO-ks15sdnEuI38QahHAcfgL6lv9veVQUxOROPS8rOsVGUZzmboqBYqHGfrmQMMolY7OTgvnn0kO3K3W8FuvLmswnRezwwTcPQGLwYIg6rZeq77iCp_p0tLzRk9cI5Rz4V4lM_XwrznRS8jyE91IaiPnYv9G93FGyK_X6p-3ow-KedrJ3aMeVp8_3O0MhzJrdM2hfaJd7BnHLbCey534CNmypsPbETWDRA602Wt3nIWuKhTBQ0Jv1SBC4x_7vDN3fwzdaBjhWduvaf7oyIX2hqVu3dV-RIdVEjb75egs0GM9Yg&refId=GX29L4gGVZmxlgSOPY%2B1EQ%3D%3D&trackingId=MR2SdnSe7cSEKJmIGibEiA%3D%3D&trk=flagship3_search_srp_jobs,Hybrid,Full-time,Entry level,"Data Analytics & Modeling: Develop and optimize data models using dimensional modeling techniques to support analytics-driven decision-making.
Data Pipeline Development & Automation: Support the design, implementation, and automation of data pipelines for efficient data extraction, transformation, and loading (ETL/ELT) processes.
Dashboard Development: Design and develop interactive data visualizations and dashboards using business intelligence tools.
Collaboration & Client Engagement: Work with stakeholders to gather business requirements and translate them into technical analytics solutions.
Digital Transformation Support: Assist in identifying and implementing data-driven solutions to improve business operations.
Project Involvement: Support the end-to-end implementation cycle, including requirements gathering, testing, and deployment.","0-1 years of experience in Data Analytics, Business Intelligence, or related fields.
Strong SQL skills and a good understanding of dimensional modeling.
Experience with data visualization tools such as Tableau, Power BI, SAP Analytics Cloud or similar platforms.
Familiarity with data pipeline development, automation, and optimization.
Very good command of English (mandatory).
Strong communication and presentation skills (mandatory).
Ability to work in a fast-paced, innovative environment with a learning mindset.",N/A,"About the job
            
 

About the RoleAt SDG Group, we are dedicated to helping organizations achieve digital transformation through Data Analytics, AI, and Performance Management solutions. We enable businesses to foster a data-driven culture, making informed decisions through innovative analytics capabilities.We are looking for a Data Analytics - Analyst to join our team. This is a great o"
Data Analyst,N/A,N/A,Easy Apply,https://www.linkedin.com/jobs/view/4182750912/?eBP=BUDGET_EXHAUSTED_JOB&refId=GX29L4gGVZmxlgSOPY%2B1EQ%3D%3D&trackingId=Yg8uLEWTQwa0plKNSnp1og%3D%3D&trk=flagship3_search_srp_jobs,On-site,Full-time,Entry level,"Work out of business/growth/commercial teams
Identifying the problem, and structuring it to deliver the desired outcomes independently
Build, develop and maintain data models, reporting systems, dashboards and performance metrics
Manage and optimize processes for data intake, validation as well as modeling, visualization and communication outputs
Interpret and report results for various growth aspects (Merchandising, Marketing etc.) and to relevant stakeholders
Further capabilities of the company‚Äôs analytical and forecasting tools to meet users‚Äô needs and enhance decision-making
Develop/maintain dashboards and visualizations to expose data to stakeholders and support in decision making
Suggest and implement new KPIs to align with evolving business goals and improve performance tracking
Increase reporting efficiency by streamlining workflows and automating repetitive tasks","Hands-on experience in SQL/BigQuery + any programming language, Python is preferred but not mandatory
Excellent analytical skills and problem-solving capabilities
Advanced Excel/Google Sheets knowledge
Experience in the e-commerce industry is preferred but not mandatory",N/A,"About the job
            
 

Who are we?noon.com is a technology leader with a simple mission: to be the best place to buy and sell things. In doing this we hope to accelerate the digital economy of the Middle East, empowering regional talent and businesses to meet the full range of consumers' online needs. noon operates without boundaries; we are aggressively and voraciously ambitious. Starting "
Product Analyst,N/A,N/A,Easy Apply,https://www.linkedin.com/jobs/view/4170165401/?eBP=BUDGET_EXHAUSTED_JOB&refId=GX29L4gGVZmxlgSOPY%2B1EQ%3D%3D&trackingId=RIRLXjnc4Pb1xq9f6I1Rkg%3D%3D&trk=flagship3_search_srp_jobs,Remote,Full-time,Entry level,"Analyze product performance metrics, identifying trends, patterns, and areas for improvement
Gather and interpret customer feedback and survey data to understand user needs and preferences
Collaborate with product managers and stakeholders to define key performance indicators (KPIs) and report on their status
Support the development and execution of A/B tests to evaluate new product features
Create detailed product and feature documentation to support internal teams
Monitor competitive landscape and industry trends to inform product strategy
Utilize data visualization tools to present insights and findings to the product team and stakeholders
Assist in identifying and prioritizing product enhancement requests based on user feedback and data analysis
Work closely with engineering, marketing, and sales teams to ensure alignment on product goals and performance","Bachelor's degree in a related field (Business, Analytics, Computer Science) or equivalent work experience
2+ years of experience in product analysis, business analysis, or a similar role
Strong analytical skills, with a data-driven mindset and proficiency in SQL
Experience with product analytics tools (e.g., Google Analytics, Mixpanel, Amplitude) and A/B testing frameworks
Familiarity with data visualization tools such as Tableau, Power BI, or Metabase
Excellent communication skills with the ability to convey complex concepts to non-technical stakeholders
Strong attention to detail and the ability to manage multiple projects simultaneously
Passion for technology and understanding of the product development lifecycle","Competitive entry to mid-level salary based on experience
Paid holidays
Flexible working hours with potential remote work options
Opportunity to grow within a high-energy, innovative start-up
Engaging start-up culture with a focus on teamwork and continuous improvement
Wellness programs and team-building activities","About the job
            
 

DrBalcony is on the lookout for a dedicated Product Analyst to join our dynamic team. As a Product Analyst, you will be responsible for using data to analyze product performance, provide insights into customer behavior, and help shape the product strategy. Your analytical skills will play a key role in understanding how our products meet customer needs and driving imp"
Data Business Analysis Specialist/ Analyst/ Senior Analyst,N/A,N/A,Easy Apply,https://www.linkedin.com/jobs/view/4135109464/?eBP=BUDGET_EXHAUSTED_JOB&refId=GX29L4gGVZmxlgSOPY%2B1EQ%3D%3D&trackingId=Yyr1WUeXLvxofZv1v9r75g%3D%3D&trk=flagship3_search_srp_jobs,On-site,Full-time,Mid-Senior level,"Receive new requirements and translate the Data Business Requirements to Technical Solution through conducting the data engagement with business
Undertakes the technical Solution Design and support the Product Owners throughout the whole process
Effectively use the Data Warehouse Tools in fulfilling the Bank's different needs to provide successful and operational solutions
Ensure all changes and activities are documented accurately and maintained throughout the implementation phases
Ensure data is handled ethically and all processes are undertaken in compliance with company policy, internal controls, data protection legislation and relevant national / industry standards
Identify opportunities through which to deliver process efficiency / improvement and develop business proposals through which to communicate and deliver the change","Receive new requirements and translate the Data Business Requirements to Technical Solution through conducting the data engagement with business
Undertakes the technical Solution Design and support the Product Owners throughout the whole process
Effectively use the Data Warehouse Tools in fulfilling the Bank's different needs to provide successful and operational solutions
Ensure all changes and activities are documented accurately and maintained throughout the implementation phases
Ensure data is handled ethically and all processes are undertaken in compliance with company policy, internal controls, data protection legislation and relevant national / industry standards
Identify opportunities through which to deliver process efficiency / improvement and develop business proposals through which to communicate and deliver the change",N/A,"About the job
            
 

Role DescriptionIs responsible for the Design of Data Strategy solutions that meet the needs of the organization and can be involved also in planning the delivery of the designed solutions in cooperation with the product owners.RequirementsCore Responsibilities Receive new requirements and translate the Data Business Requirements to Technical Solution through conducti"
Data Scientist,N/A,N/A,Easy Apply,https://www.linkedin.com/jobs/view/4189558490/?eBP=CwEAAAGWFrRb3s84sk4-YF3huf6eLJ8TkcQqLNX-WtFEZm77TfvBAtV9F132pVguIQXkU0zdYotEkpuEetdiMu9phOV2n8iBmtHPoHkB0l8iMe2YWnYSSfh7BWZYNgexecSo60PHiQCkderblzHahyrY7gJ2Nmn1WdK5h3LqVM7c5MAfjQaPgx9Rt2msw9DfYyMpaH9kaonuUYFTJQtNVZ4Uj4paDSBi_25QfKynKP9gmO3GGYyp_PUTZ1vDMzoRYe0evzaTk3VYJMNUvRNbEdQLunj9tCd7hzrfNPzpdsgqbISDIzou2TDK-FP-baSCRFZG4AcNUM9fJr45UoCoCxE4W-Kps0Dxme2hWaP9nob5Elzai44e1gNwmdhCO2BN8R-Iq9jLtkCYjaVv93yfAk2z84-X05gd1o8qZEbMZP4ExooQu4-hk21iY0x0yHRAWwThBpAVkocCC5jZu8PfQSVPzjjryvEgLjKeHuGmx41P0_4RxSL53WquCoLwcA-nmvlDaGsYHkNjrmTxYw&refId=GX29L4gGVZmxlgSOPY%2B1EQ%3D%3D&trackingId=%2F3BQ7jju11juLLwOfKIfVw%3D%3D&trk=flagship3_search_srp_jobs,Hybrid,Full-time,Associate,"Design, development, and evaluation of highly innovative models for predictive learning.
Work on implementing new ideas in recent papers and convert it into ML/DL models on the production level.
Establish scalable, efficient, automated processes for large-scale data analyses, model development, model validation, and model implementation.","Degree in a quantitative field (Computer Science, Mathematics, Machine Learning, AI, Statistics, or equivalent).
Great design and problem-solving skills, passion for quality and engineering excellence at scale.
Extensive experience with Python and software engineering fundamentals.
Deep understanding of machine learning frameworks (Tensorflow and Keras, Pytorch is a plus).
Extensive knowledge and practical experience in NLP and Computer vision.
High familiarity in using state of the art DL architectures like transformers, Vision Transformers.
At least 3+ years of hands-on experience in applying theoretical models in an applied environment.
Work well in a fast-moving team environment and effectively deliver technical. implementations having complex dependencies and requirements.
Exemplary communication skills, ability to work with large cross-functional teams of technical and non-technical members.
Experience launching productionized machine learning models at scale.
Advanced knowledge of the state of the art DL models (transformers, GPT models, etc) and experience in training foundation NLP models.",N/A,"About the job
            
 

About the job We are looking for a mid-senior data scientist with 2-4 years of experience. The Data Scientist will be part of the Proven Solution Data Science team, and will be working on NLP/Computer Vision and OCR tasks. Major Responsibilities  Design, development, and evaluation of highly innovative models for predictive learning.Work on implementing new ideas in r"
Data Scientist,N/A,N/A,Easy Apply,https://www.linkedin.com/jobs/view/4192466059/?eBP=CwEAAAGWFrRb3irGN1RFhste1ivAy0t_kYLkPW7FLi7xFrL2U1gZ2NleA4fSiJcn4lsH9OA7ydn0oUpJCD0CU6rghGvO5kNg1OzYuvXSNMGl9dYDAn-mDfeJSnOPqJZzzjKypDtjt1ubiau3xr32MhVPqz9FCCXWuN7d0GsH46XJIlsLkxRVx9BZvpUsv1qafqXoafjDRrLPjGqkRDdSSkQvgD9oZ9zgeRXfCXwuqcG1g3z_F6rn6fy18oVCdGBMJBp7glpQqHJjBr-86pAe1tI_uYM4ynyffKf_0aXYepIu2ZXYAEzbiLGi4lWwfS5jhwGnNcoNbrM0HqTE5YIYR0MrLCDD9gQw3IQruWN3603vObbjIUyzZdKWi4XIaQVv0EnpOD2MQBiiXbanS-Bqxi-k_EFtEyj1TgwlKnhoPc_kI8-efzNHfZ41DK5n8p8KOfca1jHSfjWIJYMyYvVypXj8xXixeZ5ar7NVMobcjtAjXCE6fSqtekc74xJMaYGeydjpTXuxoeICDOQ&refId=GX29L4gGVZmxlgSOPY%2B1EQ%3D%3D&trackingId=NFOfxKjQNj88PRB9iASm%2BQ%3D%3D&trk=flagship3_search_srp_jobs,Hybrid,Full-time,N/A,"build algorithms and design experiments to merge, manage, interrogate and extract data to supply tailored reports to customers
use machine learning tools and statistical techniques to produce solutions to problems
test data mining models to select the most appropriate ones for use on a project
maintain clear and coherent communication, both verbal and written, to understand data needs and report results
create clear reports that tell compelling stories about how customers or clients work with the business
assess the effectiveness of data sources and data-gathering techniques and improve data collection methods
horizon scan to stay up to date with the latest technology, techniques, and methods
conduct research from which you'll develop prototypes and proof of concepts
look for opportunities to use insights/datasets/code/models across other functions in the Etisalat
stay curious and enthusiastic about using algorithms to solve problems and enthuse others to see the benefit of your work.",N/A,N/A,"About the job
            
 

About e& global servicesIt‚Äôs one of Etisalat affiliates that offers business process outsourcing services. With Our highly skilled team, cutting-edge technology, and a decade of expertise in empowering business growth, we enable you to optimize operations and enhance customer experiences. e& global services in Egypt cater excellence to your ever-changing lifestyle and"
Data Analyst,N/A,N/A,Easy Apply,https://www.linkedin.com/jobs/view/4007362260/?eBP=BUDGET_EXHAUSTED_JOB&refId=GX29L4gGVZmxlgSOPY%2B1EQ%3D%3D&trackingId=kH4P6n67KcVHSQpetdngQg%3D%3D&trk=flagship3_search_srp_jobs,On-site,Full-time,Associate,N/A,"2 years of experience in data analysis
Proven track record of developing and implementing successful supply chain strategies and driving operational excellence
Strong analytical and problem-solving skills, with the ability to identify and resolve complex supply chain issues
Excellent communication, negotiation, and relationship-building skills",N/A,"About the job
            
 

 Collecting, auditing and analyzing field data, and providing preliminary statistics showing deviations, completion rates, strengths and weaknessesProtect and store data properly. Including all farms departmentsPreparing monthly reports by creating a smart board for each department according to its tasks and the nature of its workPreparing presentations for technical "
Data Scientist,N/A,N/A,Easy Apply,https://www.linkedin.com/jobs/view/4188790981/?eBP=BUDGET_EXHAUSTED_JOB&refId=GX29L4gGVZmxlgSOPY%2B1EQ%3D%3D&trackingId=YCi%2BBmAJdGu0QwOgB9fxDg%3D%3D&trk=flagship3_search_srp_jobs,On-site,Full-time,Entry level,"Analyze large datasets to identify trends, patterns, and insights that can inform business strategies
Develop and implement predictive models and machine learning algorithms to solve complex business problems
Collaborate with cross-functional teams to understand data requirements and provide analytical solutions that meet business needs
Design and conduct experiments to test hypotheses and validate results
Communicate findings and recommendations to stakeholders through presentations and reports
Continuously monitor and improve model performance through regular updates and refinements
Stay updated with the latest advancements in data science, machine learning, and AI technologies to apply best practices in your work
Build and maintain data pipelines to ensure the availability of data for analysis and reporting
Work with data engineering teams to ensure data is collected and stored effectively for analysis","Bachelor's or Master's degree in Data Science, Computer Science, Statistics, Mathematics, or a related field
Proven experience as a Data Scientist or in a similar analytical role
Strong programming skills in Python, R, or similar languages
Proficiency in SQL and experience with relational and non-relational databases
Experience with machine learning libraries and frameworks (e.g., Scikit-learn, TensorFlow, Keras)
Knowledge of data visualization tools (e.g., Tableau, Power BI, matplotlib, seaborn) for communicating results
Understanding of statistical concepts and methodologies, and experience applying them to real-world scenarios
Excellent analytical and problem-solving skills
Strong communication skills, both verbal and written, in English and Arabic",N/A,"About the job
            
 

SWATX is looking for a talented and driven Data Scientist to join our dynamic team. In this role, you will leverage your expertise in data analysis, machine learning, and statistical modeling to extract insights from complex datasets and drive data-driven decision making within the organization. You will work closely with business stakeholders to identify opportunitie"
Data Analyst,N/A,N/A,Easy Apply,https://www.linkedin.com/jobs/view/4081268784/?eBP=BUDGET_EXHAUSTED_JOB&refId=GX29L4gGVZmxlgSOPY%2B1EQ%3D%3D&trackingId=xjA6uDQ1gXiLPHS4iH1rxg%3D%3D&trk=flagship3_search_srp_jobs,On-site,Full-time,Associate,"Collect, clean, and analyze data from various marketing channels
Generate regular and ad hoc reports to track campaign performance and key marketing metrics
Provide actionable insights and recommendations based on data analysis to improve marketing strategies and optimize budgets
Develop and maintain dashboards to track the effectiveness of marketing campaigns and channel performance
Analyze customer journey data to understand user behaviour and optimize touchpoints
Monitor key performance indicators (KPIs) and identify trends, patterns, and opportunities for growth
Work closely with cross-functional teams, including performance marketing, content, and product, to support data-driven decision-making
Present findings and data insights to stakeholders in a clear, actionable manner
Collaborate with the marketing team to develop and test hypotheses for campaign improvements
Provide insights into target audience segmentation, customer lifetime value, and attribution models
Ensure data accuracy by performing quality checks and maintaining clean and organized datasets
Identify and troubleshoot data inconsistencies and collaborate with the tech team to improve data quality","Collect, clean, and analyze data from various marketing channels
Generate regular and ad hoc reports to track campaign performance and key marketing metrics
Provide actionable insights and recommendations based on data analysis to improve marketing strategies and optimize budgets
Develop and maintain dashboards to track the effectiveness of marketing campaigns and channel performance
Analyze customer journey data to understand user behaviour and optimize touchpoints
Monitor key performance indicators (KPIs) and identify trends, patterns, and opportunities for growth
Work closely with cross-functional teams, including performance marketing, content, and product, to support data-driven decision-making
Present findings and data insights to stakeholders in a clear, actionable manner
Collaborate with the marketing team to develop and test hypotheses for campaign improvements
Provide insights into target audience segmentation, customer lifetime value, and attribution models
Ensure data accuracy by performing quality checks and maintaining clean and organized datasets
Identify and troubleshoot data inconsistencies and collaborate with the tech team to improve data quality",N/A,"About the job
            
 

We are seeking a detail-oriented and analytical Data Analyst to join our Growth team.This role will be critical in helping us understand and optimize our growth efforts by gathering, analyzing, and interpreting data. The ideal candidate will have a strong background in data analytics, experience with digital marketing metrics, and the ability to translate data into ac"
Senior Data Analyst,N/A,N/A,Easy Apply,https://www.linkedin.com/jobs/view/4121062041/?eBP=BUDGET_EXHAUSTED_JOB&refId=GX29L4gGVZmxlgSOPY%2B1EQ%3D%3D&trackingId=UgnH56rwS%2BDCXyIwi05xkg%3D%3D&trk=flagship3_search_srp_jobs,N/A,N/A,N/A,N/A,N/A,N/A,"About the job
            
 

Job DescriptionUnlock Your Potential with FlyPie Ltd!At FlyPie Ltd, we‚Äôre transforming data into powerful insights to drive sales success. We‚Äôre looking for a talented Senior Data Analyst to join our dynamic team in Nasr City, Cairo. If you're passionate about data, enjoy optimizing processes, and love turning insights into action, this opportunity is for you!üìç Locati"
Data Scientist,N/A,N/A,Easy Apply,https://www.linkedin.com/jobs/view/3888114087/?eBP=BUDGET_EXHAUSTED_JOB&refId=GX29L4gGVZmxlgSOPY%2B1EQ%3D%3D&trackingId=pHntjLfFn6EAbEc%2BFitFSw%3D%3D&trk=flagship3_search_srp_jobs,On-site,Full-time,Mid-Senior level,N/A,"Bachelor's degree in Computer Science, Information Systems, or other related technical field or equivalent work
Proven experience as a Data Scientist or similar role, with at least 3 years of experience in a same role
Strong technical skills in data analysis, machine learning, and statistical modeling, with proficiency in Python, R, or other programming languages
Experience with machine learning libraries and frameworks such as scikit-learn, TensorFlow, or PyTorch
Solid understanding of data science concepts and techniques, including supervised and unsupervised learning, classification, regression, clustering, and time series analysis
Proven track record of delivering data-driven solutions that have positively impacted business outcomes
Excellent problem-solving skills and attention to detail, with the ability to think critically and analytically
The ability and willingness to learn new technologies on the job
Self driven, highly motivated, fast learner, ambitious and creative",N/A,"About the job
            
 

As a Data Scientist at Nawy, you will play a key role in leveraging data science techniques and machine learning algorithms to solve complex business problems and drive strategic decision-making. You will work closely with cross-functional teams to identify opportunities for data-driven solutions, develop predictive models and algorithms, and deliver actionable insigh"
Corporate Senior Data Scientist,N/A,N/A,Easy Apply,https://www.linkedin.com/jobs/view/4201999831/?eBP=CwEAAAGWFrRb3v40DZ7lCEyRxId7OO9IEyucdzRD1QPz1BnQbQUdvrTjhe82fwUCxQoyzvNehqOEa1drhqeMuha8NKw_VE9BjLmzdShQRAbxwP7iS0Ik1eXlbBzn_4biifuojgL2R6VNnQ3FepKV6BBi_8OgAChrlF6f0k9UFdalN5IkBtJ-5lfKGq-X66NWQK9PJNV_k-e38q_XgP1hz2IRqzAa61I0vbXPS4MvQ8YSTxDlKjnFXdLK9ZJou4DlQZcFmlCyT7ww5njvzrR5EkGXj-rDH0sALcXyrFSWMUkZaheG3GDJhaSYzoYChNVYu1tFAQoyIEWTjxUBEUIPa9hPiMrIcZTh5Ix_geKxGenl7HCGAHX4-7NIdxEd96HUsmrRwdMH5HuY5hmytSh0s3ZLD8_XQIGtSTaWarQoFYbjZtpLjOuKWnKAwrLegRxRMdVBj9zyP0AuSuQ4bAigilpxYY4Ac2xfGoQy-CMXzJ1bsOxDYidLrZ7Q98hHmVFDNAgQVja2Xw&refId=GX29L4gGVZmxlgSOPY%2B1EQ%3D%3D&trackingId=uQas7plFry9UJx3wHrWVtw%3D%3D&trk=flagship3_search_srp_jobs,On-site,Full-time,Associate,,,N/A,"About the job
            
 

PurposeResponsible for finding, managing and merging multiple data sources to ensure consistency of datasets.Responsibilities1. Work with business stakeholders to understand their goals and determine how data can be used to achieve these goals.2. Design and creates data modeling processes, algorithms and predictive models to extract and analyze business data insights "
Junior Data Analyst,N/A,N/A,Easy Apply,https://www.linkedin.com/jobs/view/4203548339/?eBP=BUDGET_EXHAUSTED_JOB&refId=GX29L4gGVZmxlgSOPY%2B1EQ%3D%3D&trackingId=XTJFpOoYRvo5IMziYVig%2Bw%3D%3D&trk=flagship3_search_srp_jobs,On-site,Full-time,Entry level,"Analyze financial data, performance metrics, and operational KPIs to provide insights into the company's overall health and performance.
Prepare and present reports, variance analysis, and ad hoc data analysis to senior management.
Monitor and track key financial metrics and key performance indicators (KPIs) to assess business performance and identify areas for improvement.
Evaluate and analyze key performance indicators (KPIs) across various business functions to assess operational efficiency and effectiveness.
Develop performance metrics, dashboards, and reports to track progress towards organizational goals and objectives.
Identify trends, patterns, and outliers in performance data to provide actionable insights and recommendations.
Collaborate with stakeholders to define performance targets, benchmarks, and improvement initiatives.
Conduct root cause analysis to understand drivers of performance gaps and recommend corrective actions.
Support business planning processes and strategic decision-making.
Analyze revenue streams, pricing strategies, and sales performance to optimize revenue generation and profitability.
Collaborate with Operations and finance teams to develop Cost saving initiatives
Perform costs reconciliations, variance analysis, and financial reporting to ensure accuracy and compliance.
Evaluate the impact of pricing changes, product launches, and market dynamics on revenue performance.","Bachelor's Degree in Business Informatics, Computer Science, Data Science or any related Field.
Strong analytical skills
0-2 years of experience
Proficiency in data analysis tools (e.g., Excel, SQL, Tableau)
Excellent communication skills to effectively collaborate with cross-functional teams and present findings to stakeholders",N/A,"About the job
            
 

Founded in 2018, MaxAB is a rapidly growing food and grocery B2B e-commerce and distribution platform that serves a network of traditional retailers (mom-and-pop stores) across the MENA region. Using proprietary technology, MaxAB offers a transformative pull-driven supply chain and a tech-product that empowers both traditional retailers and suppliers. MaxAB offers tra"
R&D And Business Intelligence Specialist,N/A,N/A,Easy Apply,https://www.linkedin.com/jobs/view/3891651785/?eBP=BUDGET_EXHAUSTED_JOB&refId=GX29L4gGVZmxlgSOPY%2B1EQ%3D%3D&trackingId=g7fr%2FWbfTyUaa9i1119kwQ%3D%3D&trk=flagship3_search_srp_jobs,Remote,Full-time,Mid-Senior level,N/A,"Bachelor's degree in Computer Science, Information Technology, marketing, or a related field
Fresh Grads or 2-4 years of experience in Research, Business Intelligence, AI, or Research Automation
Strong analytical and problem-solving skills
Proven commitment to continuous learning and staying updated with the latest trends and AI/ML technologies
Strong analytical and problem-solving skills
Experience with data warehousing concepts and methodologies
Knowledge of data visualization best practices
Excellent communication and interpersonal skills
Ability to work effectively in a fast-paced, collaborative environment
Experience with cloud platforms (e.g., AWS, Azure) is a plus
Knowledge of programming languages (e.g., Python, R) is a plus",N/A,"About the job
            
 

 Research & Development:
‚óã Spearheaded groundbreaking R&D initiatives, exploring cutting-edge new technologies.‚óã Conduct in-depth statistical analysis, data mining, and visualization to fuel informed decision-making. Product Innovation:
‚óã Drive the creation of new technologies and tech products ready for successful market integration.‚óã Contribute to the development an"
I&D Analyst- Portfolio,N/A,N/A,Not Available,https://www.linkedin.com/jobs/view/4182048216/?eBP=CwEAAAGWFrRb3_k6iArZ6ufh3u4vwOCasf0GIRGz1LhGEEGG-W6kFbpdr6Ak87vGmyOTimeT1KaWLLa4w7_V_YHYegDzQz6Cyfd2Km_bdNIiEe3GO9K0P6TaUAQxq0Pvd_g9cIcRV4tBbFRQOXNF2ucOAhzsPSqKgiBZkN8zyZkEGB5CAnAkUFpKF1VDEuB21rA3J1pPqJlw9X9Oqh-MkY0lyDv1sMWUA3AqbV9AU5ADDukvzQuinOFPiHvP9blhYNphnSSzn9soMpm7p6tPJxEc0q8F92OjCLfcmlGkuG6YyYdrpmkPfpXiV5eEIOyrisHcRDS_rk7C1hNmhvAQ22MCJCOD2TJM_1Sj0b2z8NMNOJUflu8p7xDLt8yRfreklWz1oE3T_U0sM-puK0U-paU-CzXXZ-nM9Xfm6dW7m8nuyVGLewvcpxTu13X2XwgzEThQsqJDvEml4rOdW_pjWtmr_pjsnehTSl7TA3Km9GwSg-JW_cLZmLBcJCcS2SZGiSWioHiz5JfsoZ0&refId=GX29L4gGVZmxlgSOPY%2B1EQ%3D%3D&trackingId=GvZy7OYu3mUCMBbGDs9GqA%3D%3D&trk=flagship3_search_srp_jobs,On-site,Full-time,Mid-Senior level,"Generate and deliver comprehensive reports on portfolio performance, including project and program status, resource allocation, and financial metrics.
Analyze portfolio data to identify trends, risks, and opportunities for improvement.
Develop and maintain dashboards and reports that provide insights into portfolio performance and alignment with strategic goals.
Collaborate with demand managers and project managers and other stakeholders to gather and validate portfolio data.
Support strategic decision-making by providing accurate and timely information on portfolio status and performance.
Monitor and assess portfolio performance against key performance indicators and strategic objectives.
Facilitate portfolio reviews and presentations for senior management and governance bodies.
Ensure data accuracy and integrity in portfolio management systems.
Assist in the development and implementation of portfolio reporting standards and best practices.
Provide support and guidance on portfolio reporting tools and methodologies.
Identify and recommend improvements to portfolio reporting processes and tools.
Maintain strong relationships with internal stakeholders to ensure alignment and effective communication of portfolio data.
Support the integration of new technologies and tools for portfolio reporting and analysis.
Ensure compliance with reporting standards and organizational policies.","Skills:
Proficiency in portfolio reporting tools and software.
Strong data analysis and reporting skills.
Excellent communication and presentation abilities.
Knowledge of portfolio management standards and methodologies.
Ability to generate insightful reports and dashboards.
Effective stakeholder management and collaboration skills.",N/A,"About the job
            
 

Envision Employment Solutions is currently looking for an I&D Analyst- Portfolio for one of our partners, a global leader in the chemical industry field.Job Summary:The Portfolio Analyst plays a crucial role in managing and reporting on the performance of a diverse portfolio of projects and programs. The role requires an understanding of strategic alignment and the ab"
Senior Data Analyst,N/A,N/A,Easy Apply,https://www.linkedin.com/jobs/view/4187161142/?eBP=CwEAAAGWFrRb39QdsuqbA9pSngG54B47LuNqg5Rq2IEYuQ07EQ9GsRsjPZvlQ1qggQ_DXAuOz6Lpaagd2hKqOx-lcqt7XlQ22XZ2OahJwpahlAniL3N-XzGNIeZBJUKK4wsV6Hx2Qq7hUvP_h32zHLuYp_mM074-lqpyFY62VnWKfuCryItQTct4ZIVMmKtI4wgN9WybUe3Mjz1Vw4Ghf4GFZ890FR2R8SDi1iGsJjWoka3HZvwIGLW2AISpxXBUxX7tpXW5TlqgjTa5r6uNRWu-FO7sz0WIx7EeeVEwpihpl7egri3y4_KWTPGXyadtJo4z8RDL8KsnFeu7B6txpUdcDw0C517gbj8THrOnzCR0vjIgl1abj1_fMsw2ZIHnlZSouMWXfcqNbhDgReNDBB1OcmCJB0ZcyRZZRZ3rMRo6RSaMqty8-i6wBVsoQ2MxlB6wG36T6iGGIAByGDjPAzZ3hjtDgEVhaaydDGXQsHWGFqH1VRoVFjkztcZ0mj9m56VBe_Hmruuj1yWzkzTh7jU&refId=GX29L4gGVZmxlgSOPY%2B1EQ%3D%3D&trackingId=IqTu4hTeUPpbyy1PT3fTfA%3D%3D&trk=flagship3_search_srp_jobs,Hybrid,Full-time,Mid-Senior level,N/A,"Proven experience as a data analyst, preferably in a product-focused environment.
Adept at various technologies
Proven abilities to take initiative and be innovative
Strong communication skills to convey technical concepts to both technical and non-technical stakeholders.
Detail-oriented with a keen analytical mindset.
Strong ability to work in a team
Time management",N/A,"About the job
            
 

Orange Business is a network and digital integrator that understands the entire value chain of the digital world, freeing our customers to focus on the strategic initiatives that shape their business. Every day, you will collaborate with a team dedicated to providing consistent, sustainable global solutions, no matter where our customers operate. With over 30,000 empl"
Business Intelligence Specialist,N/A,N/A,Easy Apply,https://www.linkedin.com/jobs/view/4137734217/?eBP=BUDGET_EXHAUSTED_JOB&refId=GX29L4gGVZmxlgSOPY%2B1EQ%3D%3D&trackingId=0kROesbaOr2CHgNm4GPcsg%3D%3D&trk=flagship3_search_srp_jobs,On-site,Full-time,Mid-Senior level,"As a key person responsible for making value out of data, Senior Business Intelligence Specialist responsible for using cutting-edge data analysis tools such as Tableau and MS Power BI to generate follow-up dashboards, graphs and reports for executives and stakeholders
Enhancing data collection procedures, in coordination with data engineers, to include any required data that is relevant to MTS analytic system
Processing, cleansing, and verifying the integrity of data used for analysis
Generating ad-hoc analysis and presenting results in a clear manner as and when needed
Creating automated data anomaly detection applications and constant tracking of its outcomes and performance
Reports directly to BI department manager
Supervise the Junior Data Scientist","Work Experience 2+ years in the field of information and business intelligence systems
Bachelor (B.Sc.) in Computer Science, Information Systems or equivalent field from a recognized national or international university
Experience with common data science toolkits (e.g. Python, NumPy‚Ä¶etc.) is a plus
Experience with NoSQL databases (e.g. MongoDB, Cassandra) is a plus
Experience with data visualization concepts and tools
Excellent understanding of data mart schemas, OLAP tools
Proficiency in using query languages such as SQL
Great communication skills
Good applied statistics skills, such as distributions, statistical testing, regression, etc
Data-oriented personality",N/A,"About the job
            
 

Responsibilities: As a key person responsible for making value out of data, Senior Business Intelligence Specialist responsible for using cutting-edge data analysis tools such as Tableau and MS Power BI to generate follow-up dashboards, graphs and reports for executives and stakeholdersEnhancing data collection procedures, in coordination with data engineers, to inclu"
Data Analyst,N/A,N/A,Easy Apply,https://www.linkedin.com/jobs/view/4191716811/?eBP=CwEAAAGWFrRb31rIb4fDumk0oYbYjjG_LRstJwsWMYd4sbAStmNLGJIG1WqHoSAKiIEabMdqH-sPtF1oEDkJF5E88j-41SMc7TVu9K6ofZrVis94oyN07h8pxLymRO6auDOc72R_DUDluke86viN7WlKNx87sT3M6wTQyJoZjoIOB1hEPgrLUCK-GD6NMDSUcQx-h41PDWMGZqd9LgdpAnQTvKH_7D3HZt-Uc_vA-Excc8a-0l_wYtcRIk9G1vwsGajuAvKqnhRAxwmop9rQkDOE4hbN5TXG0J8ugOrLbyGf1sdizOxnjTbMiGsyfAQ5ycc7fHv6msb3kv2cTrSP-ZKw-qJy3-BrEJmEzvIvIMnGofRnKwLJlVHd-fgutZcUM7I3AheCKJ0ELAZCBb8SOJsUEF6xPXsLy0uXIVmCcIbUyTx9tjKrgOMKvOssdY6tap3xVhPuHOjcGmQ-_18QGQlJLO71xWOCsJXocGtfVmgH&refId=GX29L4gGVZmxlgSOPY%2B1EQ%3D%3D&trackingId=UXO4sOOxXhaCCoDoXxuLHA%3D%3D&trk=flagship3_search_srp_jobs,On-site,Full-time,Mid-Senior level,"Lead the business intelligence unit;
Access data, construct and manipulate large datasets to support planned analyses using SQL, Python and similar tools;
Design and develop BI dashboards using Sisense or similar tools (Tableau, PowerBI, DataStudio) for various organisational metrics and indicators using best practices and industry standards in finance, sales, inventory, and other areas;
Help with defining KPIs metrics and drive the data governance through standardisation and communication;
Create the documentation and presentation for the management;
Develop analysis and reporting capabilities; monitor performance and quality control plans to identify improvements;
Adept at queries, report writing and presenting findings;
Research and validation of entity data using appropriate internal and external data sources;
Liaise and analyse projects within the Reference Data environment;
Analyse, specify, test and implement interfaces, workflow solutions, and reference data solutions - An example would be regression testing systems ahead of upgrades;
Participate in the design, implementation and interpretation of experiments/trials for continuous refinement of ongoing strategies;
Responsible for data quality and timely delivery of reports that make common business sense;
Participate in Analytics & Reporting trainings to evangelise data across the organisation;
Be able to work autonomously without supervision","Bachelor's degree in statistics, mathematics, computer science, or related field;
Master's degree is a plus
2+ years of work experience in analytics, having closely worked with products and commercials in an internet/e-commerce company;
Experience in e-commerce, internet and/or digital media
Extensive experience with SQL;
Proficient in Microsoft Excel;
Experience working with BI tools (e.g. Looker, Periscope, Tableau, etc.);
Skills in Python, R or similar tools are a big plus;
Knowledge of statistics and experience using statistical packages for analysing datasets (Excel, SPSS, SAS etc)","A fast paced, high performing team
Comprehensive Health Insurance
Life Insurance
Rewards & Recognitions
Learning & Development opportunities","About the job
            
 

Dubizzle Egypt is the leading marketplace for selling and buying online in the region. Our aim is to upgrade people's lives by facilitating deals and identifying attractive opportunities for both individuals and businesses. Our goal is to strengthen local economies, empower small businesses, and help everyone in making smarter choices for themselves, the market, and t"
Growth Web Analytics Intern,N/A,N/A,Easy Apply,https://www.linkedin.com/jobs/view/4202392621/?eBP=BUDGET_EXHAUSTED_JOB&refId=GX29L4gGVZmxlgSOPY%2B1EQ%3D%3D&trackingId=Aiw8AIsDiqM%2BFO0snHwE6g%3D%3D&trk=flagship3_search_srp_jobs,Remote,Internship,Internship,N/A,N/A,"Flex Work Environment: Hybrid at HQ and remote globally
Recharge Anytime: Unlimited PTO Plan
Level Up: Mentorship & Career Growth Support
Always Be Learning: Access to Top-tier Resources & Industry Experts
Work Hard, Play Harder: Quarterly Team Trips (Onsite and Offsite)
Fuel Your Day: Free Lunch, Snacks, Cold Brew, & Happy Hours
Grow With US: Endless Opportunities to Lead & Succeed
Keep on Shining: Ongoing Employee Development Programs","About the job
            
 

We Are:NoGood is an award-winning, tech-enabled growth consultancy that has fueled the success of some of the most iconic brands.We are a team of growth leads, creatives, engineers and data scientists who help unlock rapid measurable growth for some of the world's category-defining brands. We bring together the art and science of strategy, creative, content and growth"
